{
 "id": "",
 "assembly": {
  "file": "/home/users/s/saini7/scratch/MS2/Anvio_June_Refine_June_28_Final/SAMPLES-SUMMARY_Refined_29_June/bin_by_bin/Bin_40/Bin_40-contigs_non_chlorophyta_removed_30_June.fa",
  "scaffold-count": 596,
  "span": 18969561
 },
 "fields": [
  {
   "id": "identifiers",
   "type": "identifier"
  },
  {
   "id": "gc",
   "preload": true,
   "scale": "scaleLinear",
   "name": "GC",
   "datatype": "float",
   "range": [
    0.576,
    0.7605
   ],
   "type": "variable"
  },
  {
   "preload": true,
   "scale": "scaleLog",
   "id": "length",
   "name": "Length",
   "clamp": false,
   "datatype": "integer",
   "range": [
    3551,
    181566
   ],
   "type": "variable"
  },
  {
   "scale": "scaleLinear",
   "id": "ncount",
   "name": "N count",
   "datatype": "integer",
   "range": [
    0,
    0
   ],
   "type": "variable"
  },
  {
   "datatype": "float",
   "type": "variable",
   "scale": "scaleLog",
   "id": "coverage",
   "name": "coverage",
   "children": [
    {
     "id": "base_coverage",
     "clamp": false,
     "range": [
      62.7365,
      215.2986
     ],
     "children": [
      {
       "id": "Bin_40_June_30_cov",
       "file": "/home/users/s/saini7/scratch/MS2/Anvio_June_Refine_June_28_Final/Blobtools_files/Bin_40_June_30.bam=Bin_40_June_30",
       "type": "variable"
      }
     ]
    },
    {
     "id": "read_coverage",
     "datatype": "integer",
     "clamp": false,
     "range": [
      3731,
      185207
     ],
     "children": [
      {
       "id": "Bin_40_June_30_read_cov",
       "file": "/home/users/s/saini7/scratch/MS2/Anvio_June_Refine_June_28_Final/Blobtools_files/Bin_40_June_30.bam=Bin_40_June_30",
       "reads_mapped": 19426569,
       "reads_unmapped": 0,
       "type": "variable"
      }
     ]
    }
   ]
  },
  {
   "datatype": "string",
   "type": "category",
   "id": "taxonomy",
   "name": "Taxonomy",
   "children": [
    {
     "id": "bestsumorder",
     "children": [
      {
       "id": "bestsumorder_positions",
       "name": "bestsumorder_positions",
       "type": "multiarray",
       "datatype": "mixed",
       "preload": false,
       "active": false,
       "files": [
        "/home/users/s/saini7/scratch/MS2/Anvio_June_Refine_June_28_Final/Blobtools_files/Bin_40-contigs_non_chlorophyta_removed_blast2.out"
       ],
       "headers": [
        "taxid",
        "start",
        "end",
        "score",
        "subject",
        "index"
       ]
      },
      {
       "id": "bestsumorder_superkingdom",
       "name": "bestsumorder_superkingdom",
       "type": "category",
       "data": [
        {
         "scale": "scaleLinear",
         "id": "bestsumorder_superkingdom_cindex",
         "name": "bestsumorder_superkingdom_cindex",
         "datatype": "integer",
         "range": [
          0,
          0
         ],
         "preload": false,
         "active": false,
         "type": "variable"
        },
        {
         "scale": "scaleLog",
         "id": "bestsumorder_superkingdom_score",
         "name": "bestsumorder_superkingdom_score",
         "clamp": false,
         "datatype": "float",
         "range": [
          128.0,
          3437.0
         ],
         "preload": false,
         "active": false,
         "type": "variable"
        },
        {
         "id": "bestsumorder_superkingdom_positions",
         "name": "bestsumorder_superkingdom_positions",
         "type": "multiarray",
         "datatype": "string",
         "preload": false,
         "active": false,
         "linked_field": "bestsumorder_positions",
         "category_slot": 0,
         "headers": [
          "name"
         ]
        }
       ]
      },
      {
       "id": "bestsumorder_kingdom",
       "name": "bestsumorder_kingdom",
       "type": "category",
       "data": [
        {
         "scale": "scaleLinear",
         "id": "bestsumorder_kingdom_cindex",
         "name": "bestsumorder_kingdom_cindex",
         "datatype": "integer",
         "range": [
          0,
          0
         ],
         "preload": false,
         "active": false,
         "type": "variable"
        },
        {
         "scale": "scaleLog",
         "id": "bestsumorder_kingdom_score",
         "name": "bestsumorder_kingdom_score",
         "clamp": false,
         "datatype": "float",
         "range": [
          128.0,
          3437.0
         ],
         "preload": false,
         "active": false,
         "type": "variable"
        },
        {
         "id": "bestsumorder_kingdom_positions",
         "name": "bestsumorder_kingdom_positions",
         "type": "multiarray",
         "datatype": "string",
         "preload": false,
         "active": false,
         "linked_field": "bestsumorder_positions",
         "category_slot": 0,
         "headers": [
          "name"
         ]
        }
       ]
      },
      {
       "id": "bestsumorder_phylum",
       "name": "bestsumorder_phylum",
       "type": "category",
       "data": [
        {
         "scale": "scaleLinear",
         "id": "bestsumorder_phylum_cindex",
         "name": "bestsumorder_phylum_cindex",
         "datatype": "integer",
         "range": [
          0,
          0
         ],
         "preload": false,
         "active": false,
         "type": "variable"
        },
        {
         "scale": "scaleLog",
         "id": "bestsumorder_phylum_score",
         "name": "bestsumorder_phylum_score",
         "clamp": false,
         "datatype": "float",
         "range": [
          128.0,
          3437.0
         ],
         "preload": false,
         "active": false,
         "type": "variable"
        },
        {
         "id": "bestsumorder_phylum_positions",
         "name": "bestsumorder_phylum_positions",
         "type": "multiarray",
         "datatype": "string",
         "preload": false,
         "active": false,
         "linked_field": "bestsumorder_positions",
         "category_slot": 0,
         "headers": [
          "name"
         ]
        }
       ]
      },
      {
       "id": "bestsumorder_class",
       "name": "bestsumorder_class",
       "type": "category",
       "data": [
        {
         "scale": "scaleLinear",
         "id": "bestsumorder_class_cindex",
         "name": "bestsumorder_class_cindex",
         "datatype": "integer",
         "range": [
          0,
          0
         ],
         "preload": false,
         "active": false,
         "type": "variable"
        },
        {
         "scale": "scaleLog",
         "id": "bestsumorder_class_score",
         "name": "bestsumorder_class_score",
         "clamp": false,
         "datatype": "float",
         "range": [
          128.0,
          3437.0
         ],
         "preload": false,
         "active": false,
         "type": "variable"
        },
        {
         "id": "bestsumorder_class_positions",
         "name": "bestsumorder_class_positions",
         "type": "multiarray",
         "datatype": "string",
         "preload": false,
         "active": false,
         "linked_field": "bestsumorder_positions",
         "category_slot": 0,
         "headers": [
          "name"
         ]
        }
       ]
      },
      {
       "id": "bestsumorder_order",
       "name": "bestsumorder_order",
       "type": "category",
       "data": [
        {
         "scale": "scaleLinear",
         "id": "bestsumorder_order_cindex",
         "name": "bestsumorder_order_cindex",
         "datatype": "integer",
         "range": [
          0,
          0
         ],
         "preload": false,
         "active": false,
         "type": "variable"
        },
        {
         "scale": "scaleLog",
         "id": "bestsumorder_order_score",
         "name": "bestsumorder_order_score",
         "clamp": false,
         "datatype": "float",
         "range": [
          128.0,
          3437.0
         ],
         "preload": false,
         "active": false,
         "type": "variable"
        },
        {
         "id": "bestsumorder_order_positions",
         "name": "bestsumorder_order_positions",
         "type": "multiarray",
         "datatype": "string",
         "preload": false,
         "active": false,
         "linked_field": "bestsumorder_positions",
         "category_slot": 0,
         "headers": [
          "name"
         ]
        }
       ]
      },
      {
       "id": "bestsumorder_family",
       "name": "bestsumorder_family",
       "type": "category",
       "data": [
        {
         "scale": "scaleLinear",
         "id": "bestsumorder_family_cindex",
         "name": "bestsumorder_family_cindex",
         "datatype": "integer",
         "range": [
          0,
          0
         ],
         "preload": false,
         "active": false,
         "type": "variable"
        },
        {
         "scale": "scaleLog",
         "id": "bestsumorder_family_score",
         "name": "bestsumorder_family_score",
         "clamp": false,
         "datatype": "float",
         "range": [
          128.0,
          3437.0
         ],
         "preload": false,
         "active": false,
         "type": "variable"
        },
        {
         "id": "bestsumorder_family_positions",
         "name": "bestsumorder_family_positions",
         "type": "multiarray",
         "datatype": "string",
         "preload": false,
         "active": false,
         "linked_field": "bestsumorder_positions",
         "category_slot": 0,
         "headers": [
          "name"
         ]
        }
       ]
      },
      {
       "id": "bestsumorder_genus",
       "name": "bestsumorder_genus",
       "type": "category",
       "data": [
        {
         "scale": "scaleLinear",
         "id": "bestsumorder_genus_cindex",
         "name": "bestsumorder_genus_cindex",
         "datatype": "integer",
         "range": [
          0,
          0
         ],
         "preload": false,
         "active": false,
         "type": "variable"
        },
        {
         "scale": "scaleLog",
         "id": "bestsumorder_genus_score",
         "name": "bestsumorder_genus_score",
         "clamp": false,
         "datatype": "float",
         "range": [
          128.0,
          3437.0
         ],
         "preload": false,
         "active": false,
         "type": "variable"
        },
        {
         "id": "bestsumorder_genus_positions",
         "name": "bestsumorder_genus_positions",
         "type": "multiarray",
         "datatype": "string",
         "preload": false,
         "active": false,
         "linked_field": "bestsumorder_positions",
         "category_slot": 0,
         "headers": [
          "name"
         ]
        }
       ]
      },
      {
       "id": "bestsumorder_species",
       "name": "bestsumorder_species",
       "type": "category",
       "data": [
        {
         "scale": "scaleLinear",
         "id": "bestsumorder_species_cindex",
         "name": "bestsumorder_species_cindex",
         "datatype": "integer",
         "range": [
          0,
          0
         ],
         "preload": false,
         "active": false,
         "type": "variable"
        },
        {
         "scale": "scaleLog",
         "id": "bestsumorder_species_score",
         "name": "bestsumorder_species_score",
         "clamp": false,
         "datatype": "float",
         "range": [
          128.0,
          3437.0
         ],
         "preload": false,
         "active": false,
         "type": "variable"
        },
        {
         "id": "bestsumorder_species_positions",
         "name": "bestsumorder_species_positions",
         "type": "multiarray",
         "datatype": "string",
         "preload": false,
         "active": false,
         "linked_field": "bestsumorder_positions",
         "category_slot": 0,
         "headers": [
          "name"
         ]
        }
       ]
      }
     ]
    }
   ]
  }
 ],
 "links": {},
 "name": "",
 "plot": {
  "x": "gc",
  "z": "length",
  "y": "Bin_40_June_30_cov",
  "cat": "bestsumorder_phylum"
 },
 "record_type": "record",
 "records": 596,
 "taxon": {},
 "version": 1,
 "revision": 0
}