Genome	Norm_adapterQcTrimmedFiltered_Sample_119837_R1.fastq Relative Abundance (%)
unmapped	94.311584
GCA_013372505.1_S68_genomic	0
GCA_016906385.1_DBVPG-IBB_genomic	0
GCA_002794665.1_JCM_9641_assembly_v001_genomic	0
GCA_004335735.1_ASM433573v1_genomic	0
GCA_008119945.1_UMT_ChlVul_UMT-M1_genomic	0
GCA_006782965.1_unplaced.scaf	0
GCA_004335555.1_ASM433555v1_genomic	0
GCA_015712045.1_ASM1571204v1_genomic	0
GCA_009720205.1_ASM972020v1_genomic	0
GCA_002897115.2_JCM_15793_assembly_v001_genomic	0
GCA_019202925.1_LANL_v2_genomic	0
GCA_019044685.1_LANL_Cdes_v1_genomic	0
GCA_000002595.3_cat	0
GCA_009928355.1_ASM992835v1_genomic	0
GCA_003063905.1_ASM306390v1_genomic	0
GCA_000147415.1_scaf	0
GCA_006782985.1_unplaced.scaf	0
GCA_002245835.2_unplaced.scaf	0
GCA_001598975.1_PK2152_assembly_genomic	0
GCA_004335565.1_ASM433556v1_genomic	0
GCA_002245815.2_unplaced.scaf	0
GCA_003255715.1_unplaced.scaf	0
GCA_003130725.1_cat	0
GCA_003116155.1_unplaced.scaf	0
GCA_002939045.1_cat	0
GCA_000733215.1_unplaced.scaf	0
GCA_001430745.1_unplaced.scaf	0
GCA_003709365.1_unplaced.scaf	0
GCA_001021125.1_ASM102112v1_genomic	0
GCA_009720215.1_ASM972021v1_genomic	0
Bin_40-contigs_non_chlorophyta_removed_30_June	5.6884155
GCA_002896455.3_ArM29Bkp_1312_genomic	0
GCA_006782975.1_unplaced.scaf	0
